{
  "LEFT_ARM_CORNERS": {
    "bottom_right": [
      -0.3811164001077169,
      0.553666409972952,
      -0.17350189232278415,
      -0.0017339176957592841,
      3.139994045314482,
      0.00013657689149166203
    ],
    "top_right": [
      -0.6357037289397034,
      0.5452994279338583,
      -0.17350189232278415,
      -0.053227757033574456,
      3.0608363549416917,
      0.046481588744146055
    ],
    "top_left": [
      -0.6356425480722139,
      0.19144479574781992,
      -0.17350189232278415,
      -0.053413480764674906,
      3.060169822572126,
      0.045263435720190294
    ],
    "bottom_left": [
      -0.3694702065650372,
      0.1914458988997333,
      -0.17350189232278415,
      -0.05344966348740266,
      3.0601583065307283,
      0.045224651625265795
    ]
  },
  "RIGHT_ARM_CORNERS": {
    "top_right": [
      -0.12800324902247795,
      -0.37557050591896196,
      0.09367889833438624,
      7.130459517859422e-06,
      3.14001135938399,
      2.4104940535007586e-06
    ],
    "top_left": [
      -0.12799732358360288,
      -0.7282592437232502,
      0.09369144810333528,
      -2.1510189625228577e-05,
      3.14001739575538,
      -3.328512474240181e-05
    ],
    "bottom_left": [
      0.12852793889034436,
      -0.7222951587876687,
      0.09367763098839958,
      6.894154764248805e-06,
      3.139980309941688,
      -4.381002936334777e-05
    ],
    "bottom_right": [
      0.12852736474897947,
      -0.3706781120700399,
      0.09369576793763694,
      -3.390196218503921e-05,
      3.1399894497564644,
      -4.516041120261115e-05
    ]
  },
  "MAGNET_PLATFORM_POSITIONS": {
    "bottom_right": [
      -0.11003121091077334,
      0.04612871981136324,
      -0.03807756540574761
    ],
    "bottom_left": [
      -0.2359637179073153,
      0.05094712023227699,
      -0.038128215727469134
    ]
  }
}